countyName,pop2010,pctfor,turnout,medage,divorced,churches,obama08,mccain08,pctrural,edu_baorup,medinc,col_enrol,age18-24,age25-59,age60up,colleges,students,white,black,popden,pctw,pctb,pctd,churchden,pctba,pctstud,pct18-24,pct25-59,pct60up,colden,pctcolenrol,MaleBachelor,MaleMaster,MaleProfessional,MaleDoctorate,FemaleBachelor,FemaleMaster,FemaleProfessional,FemaleDoctorate,pctmb,pctmm,pctmp,pctmd,pctfb,pctfm,pctfp,pctfd,Owneroccupied,Renteroccupied,pctown,pctrent,evanrate
alamance,151533,64.04296,32.59,38.74,7430,355,45,54,28.56,20844,44167,10315,16039,69171,30865,2,9532,107420,28369,351.584687,0.708888493,0.187213346,0.049032224,0.002342724,0.137554196,0.06290379,0.105844931,0.456474827,0.203685006,1.32E-05,0.068070981,6967,1876,893,384,7292,2494,469,469,0.045976784,0.012380142,0.005893106,0.002534101,0.048121531,0.016458461,0.003095035,0.003095035,40155,18845,0.264991784,0.12436235,219.55
alexander,37240,85.989334,46.81,40.9,1449,105,30,69,72.78,3003,40014,1478,2685,17965,8160,0,0,33324,2043,143.230769,0.894844253,0.054860365,0.038909774,0.002819549,0.080639098,0,0.072099893,0.482411386,0.219119227,0,0.039688507,964,247,107,80,1122,371,60,52,0.025886144,0.006632653,0.002873255,0.002148228,0.030128894,0.009962406,0.001611171,0.001396348,10728,2691,0.288077336,0.07226101,448.84
alleghany,11160,78.06012,44.93,45.94,551,37,39,60,100,1301,30845,425,770,4944,3220,0,0,10288,140,47.489362,0.921863799,0.012544803,0.04937276,0.003315412,0.116577061,0,0.068996416,0.443010753,0.288530466,0,0.038082437,509,101,37,41,388,167,38,20,0.045609319,0.009050179,0.003315412,0.003673835,0.034767025,0.014964158,0.003405018,0.001792115,3678,1293,0.329569892,0.115860215,307.75
anson,26910,69.579865,33.43,39.59,1042,154,60,39,78.51,1550,34745,923,2380,13038,5568,1,1967,12707,13090,50.582707,0.472203642,0.486436269,0.038721665,0.00572278,0.057599405,0.073095504,0.088442958,0.484503902,0.206911929,3.72E-05,0.034299517,421,46,35,19,715,261,30,23,0.015644742,0.001709402,0.001300632,0.000706057,0.026570048,0.009698997,0.001114827,0.000854701,6772,2763,0.25165366,0.102675585,305.77
ashe,27305,77.16225,43.21,45.56,1154,96,38,61,84.86,3392,34538,1068,1777,12588,7647,0,0,26050,161,64.096244,0.954037722,0.005896356,0.042263322,0.00351584,0.124226332,0,0.065079656,0.461014466,0.280058597,0,0.039113715,963,395,166,164,1222,398,43,41,0.035268266,0.014466215,0.006079473,0.006006226,0.044753708,0.014576085,0.001574803,0.001501556,9379,2469,0.343490203,0.090422999,357.17
avery,17767,80.89546,45.46,42.41,618,68,28,72,88.78,2653,34918,1323,1745,8619,4358,2,2385,16364,709,71.931174,0.921033376,0.039905443,0.034783588,0.00382732,0.149321776,0.134237632,0.098215793,0.48511285,0.245286205,0.000112568,0.074463894,929,200,151,63,943,298,22,47,0.05228795,0.011256824,0.008498902,0.0035459,0.053075927,0.016772668,0.001238251,0.002645354,5235,1959,0.29464738,0.110260595,320.90
beaufort,47783,70.95006,37.06,43.81,1896,237,41,59,65.6,6295,40653,2245,3413,21244,12623,1,1461,32551,12223,57.708937,0.68122554,0.255802273,0.039679384,0.004959923,0.131741414,0.030575728,0.071427077,0.444593265,0.264173451,2.09E-05,0.046983237,1990,669,243,67,2226,974,90,36,0.041646611,0.014000795,0.005085491,0.001402172,0.046585606,0.020383819,0.001883515,0.000753406,14728,5331,0.308226775,0.111566875,328.27
bertie,21237,73.111206,34.54,42.9,1071,104,65,35,83.24,1474,29110,617,1829,10000,5012,0,0,7488,13296,30.381974,0.352592174,0.62607713,0.050430852,0.004897114,0.069407167,0,0.086123275,0.470876301,0.236003202,0,0.029053068,439,115,16,8,624,219,16,37,0.02067147,0.005415077,0.000753402,0.000376701,0.029382681,0.010312191,0.000753402,0.001742242,6277,1883,0.295569054,0.088666007,279.11
bladen,35205,83.271545,42.23,41.34,1514,162,51,49,91.23,2284,30471,1901,2792,16331,8008,1,1468,19806,12268,40.234286,0.562590541,0.348473228,0.043005255,0.004601619,0.064877148,0.041698622,0.079306917,0.463882971,0.227467689,2.84E-05,0.053998012,586,136,46,30,1134,264,78,10,0.016645363,0.003863088,0.001306633,0.000852152,0.032211334,0.007498935,0.002215594,0.000284051,9647,4327,0.274023576,0.122908678,307.70
brunswick,108071,64.62877,31.88,47.55,4798,238,41,59,42.96,17808,45806,3461,6657,46917,34296,1,1033,89193,12291,126.39883,0.825318541,0.113730788,0.044396739,0.002202256,0.164780561,0.009558531,0.061598394,0.434131266,0.317346929,9.25E-06,0.032025243,5797,2220,488,209,6263,2376,256,199,0.053640662,0.020542051,0.00451555,0.001933914,0.057952642,0.021985547,0.002368813,0.001841382,35183,10226,0.325554497,0.094622979,177.99
buncombe,238870,48.513027,38.99,40.69,14227,442,57,43,24.08,51466,44190,14340,20494,115424,54127,5,11863,208192,15211,364.131098,0.87157031,0.063678989,0.059559593,0.001850379,0.215456106,0.049662997,0.085795621,0.48320844,0.226596056,2.09E-05,0.060032654,14613,5085,2190,1429,18604,7317,1297,931,0.061175535,0.02128773,0.009168167,0.005982333,0.077883368,0.030631724,0.005429732,0.003897517,67126,32183,0.281014778,0.134730188,347.00
burke,90752,77.4376,34.38,41.32,4547,224,40,59,42.65,9326,37139,4509,8263,41673,20720,1,2823,76716,6012,178.998028,0.845336742,0.066246474,0.050103579,0.002468265,0.102763575,0.031106752,0.091050335,0.459196492,0.228314528,1.10E-05,0.049684855,2640,1192,307,119,3270,1425,214,159,0.029090268,0.013134697,0.003382846,0.001311266,0.036032264,0.015702133,0.002358075,0.001752028,25859,9029,0.284941379,0.09949092,456.05
cabarrus,178564,69.99105,33.04,36.76,6962,441,41,59,19.25,25974,53928,8840,13444,87272,29130,2,315,134149,27219,490.56044,0.751265653,0.152432741,0.038988822,0.002469703,0.145460451,0.001764073,0.075289532,0.488743532,0.163134786,1.12E-05,0.049506059,8569,2212,536,700,9587,3433,632,305,0.047988396,0.012387715,0.003001725,0.003920163,0.053689433,0.0192256,0.003539347,0.001708071,46708,16972,0.261575682,0.095047154,324.31
caldwell,83006,80.579346,37.61,41.42,4121,201,35,64,34.43,7021,37261,4967,6505,39402,18404,1,3744,74925,4086,175.86017,0.902645592,0.049225357,0.049647013,0.002421512,0.084584247,0.045105173,0.078367829,0.474688577,0.221718912,1.20E-05,0.059839048,2248,807,261,214,2206,978,221,86,0.02708238,0.009722189,0.003144351,0.002578127,0.026576392,0.011782281,0.002662458,0.00103607,23645,7651,0.284858926,0.09217406,471.92
camden,10006,69.56829,19.69,40.22,406,31,33,66,99.55,1186,61091,550,653,4949,1865,0,0,8193,1316,41.518672,0.818808715,0.131521087,0.040575655,0.003098141,0.118528883,0,0.065260843,0.494603238,0.186388167,0,0.05496702,312,135,15,0,607,105,12,0,0.031181291,0.013491905,0.001499101,0,0.060663602,0.010493704,0.00119928,0,2930,512,0.292824305,0.051169298,134.37
carteret,66711,65.83324,36.56,45.9,3792,140,32,67,32.6,11399,46155,3230,4769,31206,18167,1,1642,59346,4041,125.632768,0.889598417,0.060574718,0.0568422,0.002098604,0.170871371,0.024613632,0.071487461,0.467778927,0.272323905,1.50E-05,0.048417802,3872,1291,334,316,3572,1702,221,91,0.058041402,0.019352131,0.005006671,0.00473685,0.053544393,0.025513034,0.003312797,0.001364093,21043,7589,0.315435236,0.11375935,239.15
caswell,23714,69.412,32.68,43.72,980,80,51,48,99.19,1892,36927,1292,1753,11587,5533,0,0,14819,8020,55.666667,0.624905119,0.338196846,0.041325799,0.003373535,0.079784094,0,0.073922577,0.488614321,0.233322088,0,0.054482584,557,221,14,24,686,317,37,36,0.023488235,0.009319389,0.000590369,0.00101206,0.028928059,0.013367631,0.00156026,0.001518091,6605,2183,0.278527452,0.092055326,176.27
catawba,154354,74.22092,34.81,39.64,8821,354,37,62,30.3,20079,43484,8114,12600,73466,31605,2,6491,126151,13041,385.885,0.817283647,0.084487606,0.057147855,0.002293429,0.130084092,0.042052684,0.081630538,0.475957863,0.204756598,1.30E-05,0.052567475,6931,1879,759,357,7240,2434,285,194,0.044903274,0.012173316,0.004917268,0.002312865,0.046905166,0.015768947,0.001846405,0.001256851,42547,16704,0.275645594,0.10821877,338.39
chatham,63806,46.133694,46.95,43.76,2791,154,55,45,65.92,15460,56038,2643,4011,29459,16486,0,0,48237,8392,93.420205,0.755994734,0.131523681,0.043741968,0.002413566,0.242296963,0,0.062862427,0.461696392,0.258376955,0,0.041422437,4033,1801,784,807,4820,2579,460,176,0.063207222,0.028226186,0.012287246,0.012647713,0.075541485,0.040419396,0.007209353,0.002758361,19687,5190,0.308544651,0.081340313,244.63
cherokee,27433,78.156624,29.96,48.23,1163,91,30,69,100,3220,38144,1066,1626,11709,8834,1,1119,25700,350,60.292308,0.936827908,0.012758357,0.042394197,0.003317173,0.117376882,0.040790289,0.05927168,0.426821711,0.322020924,3.65E-05,0.038858309,1035,393,206,50,880,502,131,23,0.037728283,0.014325812,0.007509204,0.001822622,0.032078154,0.018299129,0.004775271,0.000838406,9569,1928,0.348813473,0.070280319,333.26
chowan,14763,74.93404,28.93,44.9,729,55,49,50,67.62,1575,36761,929,1030,6409,4031,0,0,9174,5070,85.33526,0.621418411,0.343426133,0.049380207,0.00372553,0.106685633,0,0.069769017,0.434125855,0.273047484,0,0.062927589,383,118,147,24,729,103,71,0,0.025943236,0.007992955,0.009957326,0.001625686,0.049380207,0.006976902,0.004809321,0,4039,1865,0.273589379,0.126329337,269.92
clay,10580,74.170334,28.07,49.61,523,43,32,67,100,1462,35109,482,633,4451,3522,0,0,10231,0,49.209302,0.967013233,0,0.049432892,0.004064272,0.138185255,0,0.059829868,0.420699433,0.33289225,0,0.045557656,493,140,56,42,486,231,14,0,0.046597353,0.013232514,0.005293006,0.003969754,0.045935728,0.021833648,0.001323251,0,3756,754,0.355009452,0.071266541,767.55
cleveland,98020,80.15762,36.92,40.43,5025,320,40,60,55.79,10300,38208,6589,9032,44960,21133,2,6756,74123,20332,211.25,0.756202816,0.207427056,0.051265048,0.00326464,0.105080596,0.068924709,0.09214446,0.458681902,0.215598857,2.04E-05,0.067220975,3340,818,407,332,3660,1439,184,120,0.034074679,0.008345236,0.004152214,0.003387064,0.037339319,0.014680677,0.001877168,0.00122424,25976,11703,0.265007141,0.119394001,448.59
columbus,57971,85.06254,35.62,39.86,2358,269,46,54,80.59,4599,35421,2371,4933,26890,12664,1,1814,35735,17713,61.86873,0.616428904,0.305549326,0.04067551,0.004640251,0.07933277,0.031291508,0.085094271,0.463852616,0.218454055,1.73E-05,0.04089976,1346,356,203,70,1882,535,130,77,0.023218506,0.006141002,0.003501751,0.0012075,0.032464508,0.009228752,0.002242501,0.00132825,15671,6108,0.270324818,0.105363026,435.09
craven,104170,64.424484,28.14,36.26,4445,261,43,57,27.71,13680,44599,6189,12503,45230,22124,1,3039,72441,23193,149.66954,0.695411347,0.222645675,0.042670635,0.00250552,0.131323798,0.029173466,0.120024959,0.434194106,0.212383604,9.60E-06,0.059412499,4362,1630,498,285,4755,1910,118,122,0.04187386,0.015647499,0.004780647,0.002735912,0.045646539,0.018335413,0.001132764,0.001171163,25524,14678,0.245022559,0.140904291,228.71
cumberland,327348,69.534454,25.16,31.26,17545,731,59,41,13.37,40909,43834,29336,41080,153235,45780,3,18169,164064,11711,501.298622,0.501191393,0.035775383,0.053597395,0.002233097,0.124970979,0.055503623,0.125493359,0.46811039,0.139851168,9.16E-06,0.089617166,11978,4187,1701,749,15089,6059,801,345,0.036591029,0.012790669,0.005196305,0.002288085,0.046094676,0.018509354,0.002446937,0.001053924,68516,48795,0.209306304,0.149061549,285.60
currituck,23652,67.79617,22.85,41.4,899,42,34,66,98.31,2751,55376,1059,1697,11867,4505,0,0,21268,1361,90.274809,0.899205141,0.057542703,0.038009471,0.001775748,0.116311517,0,0.071748689,0.501733469,0.190470151,0,0.044774226,1102,299,77,16,839,383,35,0,0.046592254,0.012641637,0.003255539,0.000676476,0.035472687,0.016193134,0.00147979,0,7729,1667,0.326779976,0.070480298,191.19
dare,34015,49.39,29.99,43.65,2071,78,44,55,28.96,7918,53889,1076,2201,17229,7792,0,0,31313,834,89.044503,0.920564457,0.024518595,0.060884904,0.002293106,0.232779656,0,0.064706747,0.506511833,0.229075408,0,0.031633103,2574,855,266,87,2827,1053,193,63,0.075672497,0.025135969,0.007820079,0.002557695,0.083110392,0.030956931,0.005673967,0.001852124,11032,4433,0.324327503,0.130324857,118.60
davidson,162874,74.58191,33.11,40.42,7685,418,33,67,47.38,17882,44249,6914,12238,78154,33765,1,3123,137359,14421,3132.192308,0.843345163,0.088540835,0.047183713,0.002566401,0.10979039,0.019174331,0.075137837,0.479843314,0.207307489,6.14E-06,0.042449992,5786,1543,659,274,7147,2030,299,144,0.035524393,0.009473581,0.004046072,0.001682282,0.043880546,0.012463622,0.001835775,0.000884119,47230,17254,0.289978757,0.105934649,201.72
davie,41333,72.793755,44.66,42.59,1657,126,30,69,70.29,6650,49727,1770,2667,19289,9658,0,0,36100,2593,155.973585,0.87339414,0.062734377,0.040089033,0.003048412,0.160888394,0,0.064524714,0.466673118,0.233663175,0,0.042822926,1968,769,248,286,2482,724,138,35,0.047613287,0.018604989,0.006000048,0.006919411,0.060048871,0.01751627,0.003338737,0.000846781,13223,2609,0.31991387,0.063121477,250.70
duplin,58728,78.15931,32.84,37.87,2241,205,45,55,86.46,3763,32816,2728,5000,26920,11924,1,1390,33449,14773,71.794621,0.569557962,0.251549516,0.03815897,0.003490669,0.064075058,0.023668438,0.085138265,0.458384416,0.203037733,1.70E-05,0.046451437,1070,332,71,17,1719,491,11,52,0.018219589,0.005653181,0.001208963,0.00028947,0.029270535,0.008360578,0.000187304,0.000885438,14802,6167,0.252043318,0.105009535,192.84
durham,268412,30.235294,38.83,33.27,12277,464,76,24,5.63,74609,49894,31164,32269,136248,39298,4,27862,124274,10157,922.378007,0.462997183,0.03784108,0.045739386,0.001728686,0.277964473,0.103803109,0.120221898,0.507607708,0.146409251,1.49E-05,0.116105092,17547,7855,2908,4422,24241,11869,2714,3053,0.065373381,0.029264712,0.010834091,0.016474673,0.090312654,0.044219334,0.010111321,0.011374305,58488,46713,0.21790382,0.174034693,213.77
edgecombe,56583,70.33235,31.77,39.76,2863,206,67,33,45.31,3747,32665,2945,4941,26020,11802,1,2426,21923,32435,112.045545,0.387448527,0.573228708,0.050598236,0.003640669,0.066221303,0.042875068,0.087323048,0.459855434,0.208578548,1.77E-05,0.052047435,1150,205,87,58,1713,407,120,7,0.020324126,0.003622996,0.001537564,0.001025043,0.030274111,0.007192973,0.002120778,0.000123712,13580,8021,0.240001414,0.141756358,307.72
forsyth,351378,52.594997,34.35,37.26,17418,697,55,44,7.35,70383,46749,25555,35376,165287,65372,7,21616,218517,91227,857.019512,0.621885832,0.259626385,0.049570548,0.001983619,0.200305654,0.061517796,0.100677902,0.470396553,0.186044658,1.99E-05,0.072727945,21530,6276,3233,1827,25617,9367,1537,996,0.061273045,0.017861107,0.009200918,0.005199529,0.072904394,0.026657901,0.004374207,0.002834554,90028,46584,0.256214106,0.132575175,286.38
franklin,60836,66.13609,37.99,39.2,2054,128,49,50,85.32,5957,43710,3003,4960,29596,11431,1,733,40003,16212,123.650407,0.657554737,0.266486949,0.033762904,0.002104017,0.097918995,0.012048787,0.081530673,0.486488264,0.187898613,1.64E-05,0.04936222,1779,609,146,150,2378,757,71,67,0.029242554,0.01001052,0.002399895,0.002465645,0.039088697,0.01244329,0.001167072,0.001101322,17707,5058,0.291061214,0.083141561,312.62
gaston,206186,76.68092,32.33,39,10022,529,37,62,19.65,24690,43253,10768,17714,99497,39832,2,5920,161166,31431,579.174157,0.781653459,0.15244003,0.048606598,0.002565645,0.119746249,0.02871194,0.08591272,0.482559437,0.193184794,9.70E-06,0.05222469,7969,2567,874,544,9229,2868,587,52,0.038649569,0.012449924,0.004238891,0.002638394,0.044760556,0.013909771,0.002846944,0.000252199,53736,23627,0.260619053,0.114590709,412.90
gates,12192,73.58964,30.38,42.06,562,51,52,47,100,859,45682,429,960,5737,2616,0,0,7768,4044,35.753666,0.637139108,0.331692913,0.046095801,0.004183071,0.070456037,0,0.078740157,0.470554462,0.214566929,0,0.035187008,304,19,19,0,348,146,23,0,0.024934383,0.001558399,0.001558399,0,0.028543307,0.011975066,0.001886483,0,3595,811,0.294865486,0.066519029,414.69
graham,8882,88.85901,40.05,44.34,320,21,31,68,100,787,28447,186,652,3862,2452,0,0,8004,0,30.417808,0.90114839,0,0.036027922,0.002364332,0.08860617,0,0.07340689,0.434811979,0.27606395,0,0.020941229,191,117,44,10,341,82,0,2,0.021504166,0.013172709,0.004953839,0.001125873,0.038392254,0.009232155,0,0.000225175,2948,836,0.331907228,0.094122945,321.52
granville,60513,67.467445,36.4,39.93,2403,139,53,46,54.75,5467,48210,2852,5186,30667,11276,0,0,36205,19652,113.960452,0.598301191,0.324756664,0.039710475,0.002297027,0.090344224,0,0.085700593,0.506783666,0.186340125,0,0.047130369,1925,486,160,91,2016,646,107,36,0.031811346,0.008031332,0.00264406,0.001503809,0.033315155,0.010675392,0.001768215,0.000594913,15033,4787,0.248425958,0.079106969,337.29
greene,21260,72.41462,38.38,37.86,634,61,47,53,100,1331,41488,1320,1834,10655,3864,0,0,10850,7964,80.226415,0.510348071,0.374600188,0.029821261,0.002869238,0.062605833,0,0.086265287,0.501175917,0.181749765,0,0.062088429,486,92,30,19,532,163,9,0,0.022859831,0.004327375,0.001411101,0.000893697,0.025023518,0.00766698,0.00042333,0,4934,2087,0.232079022,0.098165569,148.16
guilford,489671,50.030777,34.95,36.4,23555,1094,59,41,12.69,100150,45676,44100,57268,230804,87248,8,43611,278525,15889,753.34,0.568800276,0.032448317,0.048103727,0.002234153,0.204525079,0.089061839,0.116951994,0.471345046,0.178176776,1.63E-05,0.090060469,31568,9957,3048,2661,36503,12775,2022,1616,0.064467775,0.020334061,0.006224588,0.005434261,0.074545971,0.026088945,0.004129303,0.003300175,119154,70407,0.243334811,0.143784296,232.14
halifax,54565,67.75982,35.9,41.89,2565,232,64,36,54.71,4254,30439,2343,4564,24939,12527,1,1484,21890,29109,75.262069,0.401172913,0.533473839,0.047008155,0.00425181,0.077962064,0.027196921,0.083643361,0.457051223,0.229579401,1.83E-05,0.042939613,923,411,208,120,1836,623,88,45,0.016915605,0.007532301,0.003811967,0.002199212,0.033647943,0.011417575,0.001612755,0.000824704,13827,7763,0.253404197,0.142270686,296.59
harnett,115792,75.24864,30.78,33.49,4783,265,41,58,55.92,10891,42853,9957,11732,54299,17633,2,6785,78300,23973,194.608403,0.676212519,0.207035028,0.041306826,0.002288586,0.094056584,0.058596449,0.101319608,0.468935678,0.152281677,1.73E-05,0.085990397,3247,1295,234,232,4317,1281,144,141,0.028041661,0.011183847,0.002020865,0.002003593,0.037282368,0.01106294,0.001243609,0.001217701,26344,12767,0.2275114,0.110258049,230.90
haywood,58971,72.14295,36.84,45.72,3178,154,46,53,55.44,8838,41377,2150,4119,26355,17025,1,2023,56405,624,106.445848,0.956487087,0.010581472,0.053890896,0.002611453,0.149870275,0.034304997,0.069847891,0.446914585,0.288701226,1.70E-05,0.036458598,2644,968,385,340,3248,1007,177,69,0.044835597,0.016414848,0.006528633,0.005765546,0.05507792,0.01707619,0.003001475,0.001170067,19879,6566,0.337097896,0.111342863,524.21
henderson,106966,66.27109,38.6,45.43,5448,181,39,60,33.27,20656,46446,4035,6619,46558,31841,1,2089,94914,3224,286.005348,0.887328684,0.030140418,0.050932072,0.001692126,0.19310809,0.01952957,0.061879476,0.435259802,0.297674027,9.35E-06,0.037722267,6035,2591,989,700,6973,2745,338,285,0.056419797,0.02422265,0.009245929,0.006544136,0.065188939,0.02566236,0.003159883,0.002664398,34640,10469,0.323841221,0.097872221,335.73
hertford,24755,70.113884,39.59,41.18,1008,95,71,29,68.64,2601,30878,1470,2577,11517,5476,2,1749,8786,14933,69.929379,0.354918198,0.60323167,0.040719047,0.003837609,0.105069683,0.070652393,0.104100182,0.465239346,0.221207837,8.08E-05,0.059381943,627,270,76,24,1121,387,43,53,0.025328217,0.010906887,0.003070087,0.000969501,0.045283781,0.015633205,0.001737023,0.002140982,5940,3067,0.239951525,0.123894163,287.69
hoke,47606,65.06706,24.6,30.96,1795,87,59,40,43.15,4028,42927,3318,4176,23639,5440,0,0,21272,15716,121.754476,0.446834433,0.330126455,0.037705331,0.001827501,0.084611183,0,0.087720035,0.496555056,0.11427131,0,0.069697097,1101,443,57,81,1541,705,62,38,0.023127337,0.00930555,0.001197328,0.001701466,0.032369869,0.014809058,0.001302357,0.000798219,10300,3932,0.216359282,0.082594631,141.29
hyde,5800,64.10437,40.15,41.37,221,31,50,49,100,490,38265,328,406,3075,1252,0,0,3718,1836,9.461664,0.641034483,0.316551724,0.038103448,0.005344828,0.084482759,0,0.07,0.530172414,0.215862069,0,0.056551724,198,68,0,0,214,8,2,0,0.034137931,0.011724138,0,0,0.036896552,0.00137931,0.000344828,0,1587,334,0.27362069,0.057586207,57.49
iredell,159766,73.43101,32.39,39.02,6617,362,37,62,37.91,22239,48962,7216,12547,77063,29690,1,2283,128646,19047,278.337979,0.805215127,0.119218106,0.041416822,0.002265814,0.139197326,0.014289649,0.078533605,0.482349186,0.185834283,6.26E-06,0.045166055,7817,2413,654,295,8095,2340,512,113,0.048927807,0.015103339,0.004093487,0.00184645,0.050667852,0.01464642,0.003204687,0.000707284,43345,14661,0.271303031,0.091765457,281.01
jackson,40330,61.686485,35.55,36.27,2198,86,52,47,73.09,6663,37190,6496,7862,16482,8860,2,10590,33489,745,82.138493,0.830374411,0.018472601,0.054500372,0.002132408,0.165212001,0.262583685,0.194941731,0.408678403,0.219687577,4.96E-05,0.161071163,2069,628,204,582,1887,1061,68,164,0.05130176,0.015571535,0.005058269,0.014430945,0.046788991,0.026307959,0.00168609,0.004066452,10518,5348,0.260798413,0.132606,339.20
johnston,169669,73.77387,35.23,36.43,6788,368,38,62,52.04,20125,49745,7760,12621,83685,26315,1,4095,125349,25546,214.228535,0.738785518,0.150563745,0.040007308,0.002168929,0.1186133,0.024135228,0.07438601,0.493225044,0.155096099,5.89E-06,0.04573611,6915,1414,379,225,8489,2231,238,234,0.040755825,0.008333874,0.002233761,0.001326111,0.050032711,0.013149132,0.001402731,0.001379156,43253,15840,0.254925767,0.093358245,244.95
jones,10156,71.21094,34.78,44.17,537,58,45,54,100,758,38354,356,831,4632,2500,0,0,6395,3289,21.471459,0.629677038,0.323847972,0.052875148,0.00571091,0.074635683,0,0.081823553,0.456085073,0.246159905,0,0.035053171,183,75,17,20,385,70,8,0,0.018018905,0.007384797,0.001673887,0.001969279,0.037908625,0.006892477,0.000787712,0,2946,1140,0.290074833,0.112248917,180.83
lee,57882,70.35406,36.23,37.36,2702,193,46,54,42.76,6575,44120,2505,4867,26936,11229,1,4707,38688,11565,216.786517,0.668394319,0.199803048,0.046681179,0.00333437,0.113593172,0.081320618,0.084084862,0.465360561,0.193998134,1.73E-05,0.043277703,2106,554,129,146,2554,852,128,106,0.036384368,0.009571197,0.002228672,0.002522373,0.044124253,0.014719602,0.002211396,0.001831312,14764,6222,0.255070661,0.107494558,258.27
lenoir,59400,71.68355,32.44,41.16,2716,273,50,50,45.01,5834,33625,3482,4750,26933,13456,1,2579,31758,24121,148.5,0.534646465,0.406077441,0.045723906,0.00459596,0.098215488,0.043417508,0.07996633,0.453417508,0.226531987,1.68E-05,0.058619529,1522,610,192,131,2601,686,45,47,0.025622896,0.01026936,0.003232323,0.002205387,0.043787879,0.011548822,0.000757576,0.000791246,15039,9103,0.253181818,0.153249158,339.49
lincoln,78396,77.36509,38.99,40.57,3293,181,33,66,54.55,9278,47450,3585,5909,38509,15561,0,0,69940,4340,262.19398,0.892137354,0.055359967,0.042004694,0.002308791,0.118347875,0,0.075373744,0.491211286,0.19849227,0,0.045729374,3623,645,166,125,3332,1248,139,0,0.046214093,0.008227461,0.002117455,0.001594469,0.042502168,0.01591918,0.00177305,0,22418,6989,0.285958467,0.089149957,313.28
macon,33928,75.51214,35.14,47.9,1870,116,39,60,70.3,4777,38615,1104,2468,14049,10897,0,0,31811,447,65.751938,0.93760316,0.013174959,0.055116718,0.003419005,0.140798161,0,0.072742278,0.414082763,0.321180146,0,0.032539495,1467,605,240,137,1533,692,60,43,0.043238623,0.017831879,0.007073803,0.004037963,0.045183919,0.020396133,0.001768451,0.00126739,12125,3655,0.35737444,0.10772813,486.00
madison,20782,70.42565,33.83,43.43,979,67,49,50,80.01,2766,38580,1684,2040,9427,5232,1,1308,20035,240,46.285078,0.964055433,0.011548455,0.047108074,0.003223944,0.133095948,0.062939082,0.098161871,0.453613704,0.251756328,4.81E-05,0.081031662,841,334,17,101,1124,322,7,20,0.040467712,0.0160716,0.000818016,0.004859975,0.054085266,0.015494178,0.00033683,0.000962371,6146,1856,0.295736695,0.089308055,566.61
martin,24492,71.00087,33.83,44.14,1020,120,52,48,90.62,2077,34766,1373,1880,11052,6162,1,956,13019,10651,52.898488,0.531561326,0.434876694,0.041646252,0.004899559,0.084803201,0.039033154,0.076759758,0.451249388,0.251592357,4.08E-05,0.056059121,552,106,55,9,875,364,81,35,0.022537972,0.004327944,0.002245631,0.000367467,0.035725951,0.014861996,0.003307202,0.001429038,6968,2986,0.284501062,0.121917361,344.62
mcdowell,45053,82.851135,34.13,41.74,2069,140,36,63,78.12,4394,34953,2080,3320,21470,10490,1,1209,40754,1708,101.929864,0.904579051,0.037910905,0.04592369,0.003107451,0.097529576,0.026835061,0.073690986,0.476549841,0.232836881,2.22E-05,0.046167847,1614,397,166,124,1375,605,74,39,0.035824473,0.008811844,0.003684549,0.002752314,0.03051961,0.013428629,0.00164251,0.000865647,12741,4819,0.282800257,0.10696291,347.90
mecklenburg,923144,45.806007,28.32,34,41719,1245,62,38,1.07,229146,55294,64331,88369,477980,123258,12,48102,508946,28280,1751.696395,0.551318104,0.030634441,0.045192299,0.001348652,0.248223462,0.052106714,0.095726127,0.517774042,0.133519798,1.30E-05,0.069686853,75456,24595,7896,3537,81331,28832,5501,1998,0.08173806,0.026642647,0.008553378,0.003831472,0.088102181,0.031232397,0.005958984,0.002164343,219296,131096,0.237553404,0.142010347,222.14
mitchell,15553,82.99426,50.72,45.75,896,56,29,71,82.64,1664,32743,579,1088,7094,4368,0,0,14844,0,70.058559,0.954413939,0,0.057609464,0.003600592,0.106989005,0,0.06995435,0.456117791,0.280846139,0,0.037227545,558,158,45,49,536,223,23,72,0.035877323,0.010158812,0.002893332,0.003150518,0.034462805,0.01433807,0.001478814,0.004629332,5106,1706,0.328296792,0.109689449,629.37
montgomery,27986,76.51939,37.07,40.29,1137,129,44,55,76.84,2756,33861,1305,2171,12692,6366,1,850,19162,5231,56.997963,0.684699493,0.186914886,0.040627457,0.004609448,0.09847781,0.030372329,0.077574502,0.453512471,0.227470878,3.57E-05,0.046630458,818,332,80,55,1115,319,37,0,0.0292289,0.011863074,0.002858572,0.001965268,0.039841349,0.011398556,0.00132209,0,7364,2489,0.263131566,0.088937326,265.23
moore,88550,62.95109,39.26,45.03,4268,254,39,60,50.66,18327,48319,4206,5502,37434,26442,1,3636,70913,11839,126.680973,0.800824393,0.133698475,0.048198758,0.002868436,0.206967815,0.041061547,0.062134387,0.422744212,0.298610954,1.13E-05,0.047498588,5888,2343,745,470,6094,2348,268,171,0.066493506,0.026459627,0.008413326,0.005307736,0.068819876,0.026516093,0.003026539,0.001931112,25958,8072,0.293145116,0.091157538,243.52
nash,95878,71.412384,36.66,39.96,4208,313,49,50,47.56,12131,44499,5473,7931,45421,19674,2,4243,53531,35650,177.551852,0.55832412,0.371826696,0.043889109,0.003264565,0.126525376,0.044254156,0.082719706,0.473737458,0.205198273,2.09E-05,0.05708296,4034,929,436,68,4802,1564,137,161,0.042074303,0.009689397,0.004547446,0.000709235,0.050084482,0.016312397,0.001428899,0.001679217,24067,13695,0.251016917,0.142837773,305.35
new hanover,203254,50.37772,29.31,37.39,11023,316,49,50,2.21,47673,48553,20492,25376,96941,40485,3,20047,160298,29907,1021.376884,0.788658526,0.147141016,0.054232635,0.001554705,0.23454889,0.098630285,0.124848711,0.476945103,0.199184272,1.48E-05,0.100819664,14852,4525,2193,1132,17127,5800,1098,946,0.073071133,0.022262784,0.010789456,0.005569386,0.084264024,0.028535724,0.005402108,0.004654275,51420,32259,0.252983951,0.158712744,222.84
northampton,22063,63.359074,36.56,45.53,1257,83,65,35,89.37,1860,30578,1035,1732,9772,6007,0,0,8668,12895,41.162313,0.392874949,0.584462675,0.056973213,0.003761954,0.084304038,0,0.07850247,0.442913475,0.272265784,0,0.046911118,422,82,100,11,745,424,61,15,0.019127045,0.00371663,0.004532475,0.000498572,0.03376694,0.019217695,0.00276481,0.000679871,6270,2107,0.284186194,0.095499252,143.90
onslow,186866,72.73965,22.2,26.1,6748,249,39,60,26.35,15345,43561,10802,41874,78055,20436,1,4111,131590,27672,243.632334,0.704194449,0.148084724,0.036111438,0.001332506,0.082117667,0.021999722,0.224085708,0.417705736,0.109361789,5.35E-06,0.057806128,4919,1470,401,285,5931,1781,372,186,0.026323676,0.0078666,0.002145923,0.001525157,0.031739321,0.009530894,0.001990731,0.000995366,32073,24560,0.17163636,0.131431079,173.40
orange,134201,21.056673,43.63,33.18,4894,1052,72,27,28.53,42556,52981,25375,24445,61872,19920,1,27276,99495,15928,335.5025,0.741387918,0.11868764,0.036467687,0.007838988,0.31710643,0.203247368,0.182152145,0.461039784,0.148434065,7.45E-06,0.189082049,8623,5103,2259,3826,11159,6991,1860,2735,0.064254365,0.038025052,0.01683296,0.028509475,0.083151392,0.052093502,0.013859807,0.020379878,30344,19741,0.226108598,0.147100245,121.37
pamlico,13116,67.25522,33.84,48.4,437,52,42,57,100,1724,40561,616,894,5835,4048,1,378,10032,2632,38.919881,0.764867338,0.200670936,0.033318085,0.003964623,0.131442513,0.028819762,0.068161025,0.444876487,0.30863068,7.62E-05,0.046965538,518,175,51,90,526,319,42,3,0.039493748,0.013342482,0.003888381,0.006861848,0.04010369,0.024321439,0.003202196,0.000228728,4460,1003,0.340042696,0.076471485,177.72
pasquotank,40643,64.779755,19.7,36.63,2063,106,57,43,41.32,4809,44085,3704,5145,18534,7777,3,5021,23059,15355,179.044053,0.567354772,0.377801835,0.050759048,0.002608075,0.118322958,0.123539109,0.126590065,0.456019487,0.191349064,7.38E-05,0.091135005,1057,473,214,78,2047,749,118,73,0.026006938,0.01163792,0.005265359,0.00191915,0.050365377,0.018428758,0.002903329,0.001796127,9671,4892,0.237949954,0.120365131,249.58
pender,52452,68.17674,28.68,41.17,2444,119,42,58,68.76,6265,44338,2257,4116,24908,11554,0,0,39756,9269,60.220436,0.757950126,0.176713948,0.046594982,0.002268741,0.119442538,0,0.078471746,0.474872264,0.220277587,0,0.043029818,2169,476,199,141,2249,801,140,90,0.041352093,0.009074964,0.003793945,0.002688172,0.042877297,0.015271105,0.002669107,0.001715854,16297,3912,0.310703119,0.074582475,183.02
perquimans,13490,65.25457,27.05,46.55,482,57,43,57,100,1697,43041,857,950,5773,4008,0,0,9694,3347,54.615385,0.718606375,0.248109711,0.03573017,0.004225352,0.125796887,0,0.070422535,0.427946627,0.29710897,0,0.06352854,500,232,110,45,644,142,17,7,0.037064492,0.017197924,0.008154188,0.003335804,0.047739066,0.010526316,0.001260193,0.000518903,4134,1219,0.306449222,0.090363232,221.07
person,39448,72.41789,37.45,41.53,2151,122,45,54,75.52,3702,44668,2344,2965,18754,8654,1,2594,26968,10646,100.632653,0.683634151,0.269874265,0.054527479,0.003092679,0.093845062,0.065757453,0.075162239,0.475410667,0.219377408,2.53E-05,0.059419996,1072,256,77,5,1645,530,68,49,0.027175015,0.006489556,0.001951937,0.000126749,0.041700466,0.013435409,0.001723788,0.001242142,11370,4018,0.28822754,0.101855607,223.90
pitt,168752,61.53947,28.86,31.06,7245,425,54,46,25.44,26672,38592,28776,31082,75037,24811,2,29255,99075,57257,258.822086,0.587104153,0.339296719,0.042932824,0.002518489,0.158054423,0.173360908,0.184187447,0.444658434,0.147026406,1.19E-05,0.170522423,7379,2490,1090,1323,9495,3515,777,603,0.043726889,0.014755381,0.006459183,0.007839907,0.056266,0.020829383,0.00460439,0.003573291,35404,28601,0.209798995,0.169485399,216.08
polk,20448,61.167995,36.06,49.17,1115,74,42,57,92.27,4154,43692,781,1242,8631,6671,0,0,18633,918,85.915966,0.911238263,0.044894366,0.05452856,0.003618936,0.203149452,0,0.060739437,0.42209507,0.326242175,0,0.038194444,1182,448,145,259,1311,747,54,8,0.057805164,0.021909233,0.007091158,0.012666275,0.06411385,0.03653169,0.002640845,0.000391236,7037,2001,0.344141236,0.097857981,334.86
randolph,141909,80.48804,35.47,39.55,6134,403,28,71,56.24,12272,40346,5792,11418,67147,28711,1,1988,121169,8176,180.087563,0.853850002,0.057614387,0.043224884,0.002839848,0.086477954,0.014008978,0.080460013,0.473169425,0.202319796,7.05E-06,0.040814888,3988,988,351,154,5032,1381,269,109,0.028102516,0.006962208,0.002473416,0.001085202,0.035459344,0.009731589,0.001895581,0.000768098,40399,14526,0.284682437,0.102361372,209.25
richmond,46634,77.394966,31.46,38.8,2332,224,50,49,45.53,3083,30439,2302,4268,21305,9699,1,1472,28072,14269,98.383966,0.601964232,0.305978471,0.050006433,0.004803362,0.066110563,0.031564953,0.091521208,0.456855513,0.207981301,2.14E-05,0.049363126,860,373,65,85,1117,452,60,71,0.01844148,0.007998456,0.001393833,0.001822704,0.023952481,0.009692499,0.001286615,0.001522494,12180,5048,0.261182828,0.108247202,339.27
robeson,134489,86.23342,34.91,34.43,5521,491,57,43,62.61,9906,29667,8201,15028,60798,22741,2,8159,38877,32637,141.716544,0.289071969,0.242674122,0.041051685,0.003650856,0.073656582,0.060666672,0.111741481,0.452066712,0.169091896,1.49E-05,0.060978965,2528,872,269,242,4004,1532,260,199,0.018797076,0.006483802,0.002000164,0.001799404,0.029771952,0.011391266,0.001933244,0.001479675,29919,14585,0.222464291,0.108447531,318.62
rockingham,93626,75.43357,33.5,42.33,5167,333,42,57,61.94,8185,39231,4040,7146,44396,21393,1,2055,70875,17655,165.416961,0.75700126,0.188569414,0.055187662,0.003556704,0.087422297,0.021949031,0.076324952,0.474184521,0.228494222,1.07E-05,0.043150407,2693,587,178,95,3545,817,177,93,0.028763378,0.006269626,0.001901181,0.001014675,0.037863414,0.008726209,0.001890501,0.000993314,27294,10537,0.291521586,0.112543524,265.91
rowan,138359,74.32297,32.08,39.15,5723,337,38,61,38.82,15545,43596,7456,12514,64744,28318,4,7669,105923,22392,270.761252,0.765566389,0.161839851,0.04136341,0.002435693,0.112352648,0.05542827,0.090445869,0.467942093,0.204670459,2.89E-05,0.053888797,5104,1349,593,166,6008,1842,371,112,0.036889541,0.009749998,0.004285952,0.001199777,0.043423268,0.013313192,0.00268143,0.000809488,37749,15128,0.272833715,0.109338749,266.14
rutherford,67750,81.07749,33.74,42.5,3512,208,34,66,61.04,6855,35364,3573,5183,30854,16562,1,2124,58221,6854,120.124114,0.859350554,0.101166052,0.051837638,0.003070111,0.101180812,0.031350554,0.076501845,0.455409594,0.244457565,1.48E-05,0.052738007,2206,714,283,149,2256,1009,143,95,0.032560886,0.010538745,0.004177122,0.002199262,0.033298893,0.014892989,0.002110701,0.001402214,19723,7735,0.291114391,0.114169742,578.84
sampson,63511,82.10583,35.76,38.28,2594,274,46,54,84.96,5148,35740,3364,5161,29305,12790,1,1452,35985,17128,67.136364,0.566594763,0.269685566,0.040843318,0.004314213,0.081056825,0.022862181,0.081261514,0.461416133,0.201382438,1.57E-05,0.052967203,1656,355,193,48,1997,745,77,77,0.026074223,0.005589583,0.003038844,0.000755775,0.031443372,0.011730251,0.001212388,0.001212388,16288,7493,0.256459511,0.117979563,365.94
scotland,36094,73.31369,30.35,38.57,1617,147,57,42,48.39,3278,29368,1975,3320,16443,7301,1,781,16822,13943,113.147335,0.466060841,0.386296891,0.04479969,0.004072699,0.090818419,0.021637945,0.091982047,0.455560481,0.202277387,2.77E-05,0.054718236,966,314,98,131,1212,518,16,23,0.026763451,0.008699507,0.002715133,0.003629412,0.033578988,0.014351416,0.000443287,0.000637225,8566,4670,0.237324763,0.129384385,187.52
stanly,60588,80.52263,40.34,40.56,2536,237,31,68,67.71,6201,44802,3812,5594,27953,13359,2,4183,50623,6630,153.387342,0.835528487,0.109427609,0.041856473,0.003911666,0.102346999,0.069040074,0.092328514,0.461361986,0.220489206,3.30E-05,0.062916749,2213,538,100,64,2349,817,72,48,0.036525385,0.008879646,0.001650492,0.001056315,0.038770053,0.013484518,0.001188354,0.000792236,17031,5103,0.281095266,0.084224599,432.15
stokes,47365,77.74658,36.98,42.85,2309,110,32,67,75.7,3609,42689,1858,3425,22720,10777,0,0,44021,1916,104.789823,0.929399346,0.04045181,0.048749076,0.00232239,0.076195503,0,0.072310778,0.479679088,0.227530877,0,0.039227278,1266,295,62,26,1371,509,63,17,0.026728597,0.006228228,0.001308983,0.000548929,0.028945424,0.010746332,0.001330096,0.000358915,15345,3414,0.323973398,0.072078539,252.17
surry,73715,78.363106,35.5,41.28,3270,235,36,64,68.81,7582,37294,3030,5577,33864,17107,1,2910,64926,2749,137.271881,0.880770535,0.037292274,0.044360035,0.003187954,0.102855592,0.039476362,0.075656244,0.459390897,0.232069457,1.36E-05,0.041104253,2419,628,289,96,2828,1066,176,80,0.032815573,0.008519297,0.003920505,0.001302313,0.038363969,0.0144611,0.002387574,0.001085261,22037,7631,0.298948654,0.103520315,407.69
swain,13993,72.72727,29.85,40.79,1157,36,49,50,100,1770,35071,755,1196,6237,3292,0,0,9315,0,26.501894,0.665689988,0,0.082684199,0.002572715,0.126491817,0,0.085471307,0.445722861,0.235260487,0,0.053955549,455,242,57,61,585,356,14,0,0.032516258,0.017294361,0.004073465,0.004359323,0.041806618,0.025441292,0.0010005,0,4474,1298,0.319731294,0.092760666,321.94
transylvania,33076,62.016956,43.26,48.84,1732,123,43,56,59.64,6522,39408,1662,2753,13248,11247,1,597,30577,1292,87.502645,0.924446729,0.039061555,0.052364252,0.003718708,0.197182247,0.018049341,0.083232555,0.400532108,0.340035071,3.02E-05,0.050247914,1900,682,257,172,2138,932,203,238,0.057443464,0.02061918,0.007769984,0.005200145,0.064639013,0.028177531,0.006137381,0.00719555,10608,3239,0.320715927,0.097925989,365.52
tyrrell,4403,78.242226,37.9,41.46,177,19,49,50,100,286,32215,117,380,2219,1010,0,0,2403,1683,11.289744,0.545764252,0.382239382,0.040199864,0.00431524,0.064955712,0,0.086304792,0.503974563,0.229389053,0,0.026572791,120,18,0,0,140,8,0,0,0.027254145,0.004088122,0,0,0.031796502,0.001816943,0,0,1272,391,0.288893936,0.088803089,268.89
union,202200,73.477516,31.04,36.33,5893,310,36,63,27.29,34574,63386,8330,14781,97217,29326,1,1633,158954,23558,317.425432,0.786122651,0.116508408,0.029144411,0.001533136,0.17098912,0.008076162,0.07310089,0.480796241,0.145034619,4.95E-06,0.041196835,12388,3178,1149,353,13086,3667,573,180,0.061266073,0.015717112,0.005682493,0.001745796,0.064718101,0.018135509,0.002833828,0.000890208,53840,11795,0.266271019,0.058333333,308.45
vance,45375,73.02477,34.01,38.65,2147,176,63,37,54.08,3134,34025,2216,4223,20373,9294,1,4057,20058,22645,178.641732,0.442049587,0.499063361,0.047316804,0.003878788,0.069068871,0.089410468,0.093068871,0.448991736,0.204826446,2.20E-05,0.048837466,800,262,107,93,1387,389,72,24,0.017630854,0.005774105,0.002358127,0.002049587,0.030567493,0.008573003,0.001586777,0.000528926,10742,5731,0.236738292,0.12630303,290.72
wake,906788,43.23861,40.03,34.51,35694,1125,57,42,6.1,259371,63770,71869,87419,465902,117966,9,49260,597546,18651,1087.275779,0.658969903,0.020568203,0.039363115,0.001240643,0.286032678,0.054323613,0.096405113,0.513793742,0.130092149,9.93E-06,0.079256673,83203,30445,7558,7391,88649,32425,5668,4032,0.091755736,0.033574551,0.008334914,0.008150747,0.09776155,0.035758082,0.006250634,0.004446464,215485,110001,0.237635478,0.121308398,182.76
warren,20955,62.343716,36.21,44.99,790,87,69,31,100,2034,30641,1129,1691,9475,5564,0,0,8128,10970,48.846154,0.387878788,0.523502744,0.037699833,0.004151754,0.09706514,0,0.080696731,0.452159389,0.265521355,0,0.053877356,641,152,41,3,799,292,76,30,0.030589358,0.007253639,0.001956574,0.000143164,0.038129325,0.013934622,0.003626819,0.001431639,5898,1937,0.281460272,0.092436173,208.37
washington,13193,64.267494,39.82,44.06,617,79,58,42,67.76,1072,32716,631,994,5799,3383,0,0,6084,6587,37.91092,0.461153642,0.499279921,0.046767225,0.005988024,0.081255211,0,0.075342985,0.439551277,0.256423861,0,0.047828394,176,85,36,14,552,205,0,4,0.013340408,0.006442811,0.00272872,0.001061169,0.04184037,0.015538543,0,0.000303191,3457,1454,0.262032896,0.11020996,355.31
watauga,51034,49.17968,37.05,28.49,1668,108,52,47,55.44,9952,31967,14898,16222,18602,9154,1,14653,48272,877,163.570513,0.945879218,0.017184622,0.032684093,0.002116236,0.19500725,0.287122311,0.31786652,0.364502097,0.179370616,1.96E-05,0.291923032,2725,1056,485,634,2857,1643,234,318,0.053395775,0.020692088,0.009503468,0.01242309,0.055982286,0.032194223,0.004585179,0.00623114,11440,9713,0.224164283,0.190324098,253.04
wayne,122815,75.64708,32.68,36.67,5921,360,45,54,46.4,12595,41224,8452,12263,57163,22940,2,5996,72135,38499,222.088608,0.587346822,0.313471481,0.048210723,0.002931238,0.10255262,0.048821398,0.099849367,0.465439889,0.186785002,1.63E-05,0.068818955,3741,1108,423,242,4791,1926,247,117,0.030460449,0.009021699,0.003444205,0.001970443,0.039009893,0.015682124,0.002011155,0.000952652,29737,16543,0.242128405,0.13469853,240.93
wilkes,69301,83.065155,49.93,42.47,2884,216,30,69,72.79,5922,33438,2395,4969,32333,16525,1,2617,62824,2830,91.546896,0.906538145,0.040836352,0.041615561,0.003116838,0.085453312,0.037762803,0.071701707,0.466558924,0.238452548,1.44E-05,0.034559386,2079,522,152,89,2038,904,101,37,0.029999567,0.007532359,0.002193331,0.001284253,0.029407945,0.013044545,0.00145741,0.000533903,20658,7156,0.298090937,0.103259693,493.21
wilson,81373,70.30944,36.93,38.78,4056,266,52,48,38.66,9230,38596,4793,7143,37636,16579,2,3114,42222,31686,219.334232,0.518869895,0.389392059,0.049844543,0.003268898,0.113428287,0.038268222,0.087780959,0.462512135,0.203740799,2.46E-05,0.058901601,2860,696,350,132,4186,907,59,40,0.035146793,0.008553206,0.004301181,0.00162216,0.051442125,0.011146203,0.000725056,0.000491564,19572,12105,0.24052204,0.148759417,249.80
yadkin,38397,82.45437,42.6,41.5,1592,133,26,73,84.68,2924,39807,1497,2870,17876,8748,0,0,34007,1192,114.276786,0.885668151,0.031044092,0.041461573,0.003463812,0.076151783,0,0.074745423,0.465557205,0.227830299,0,0.038987421,953,237,146,12,1150,357,69,0,0.024819647,0.006172357,0.00380238,0.000312524,0.029950257,0.009297601,0.001797015,0,11660,3248,0.303669558,0.084589942,433.79
yancey,17775,76.035835,43.55,45.57,680,42,47,52,100,1969,35703,529,1170,7976,5085,0,0,16967,145,56.971154,0.954542897,0.008157525,0.038255977,0.002362869,0.110773558,0,0.065822785,0.448720113,0.286075949,0,0.0297609,509,256,110,50,801,218,16,9,0.028635724,0.01440225,0.006188467,0.00281294,0.045063291,0.012264416,0.000900141,0.000506329,5862,1629,0.32978903,0.09164557,269.84
